Name,Rating,Reviews
Jared Kohlenberg,1.0,1.0
Bartley Mueller,2.0,1.0
Robert Rentfro III,2.0,4.0
Robert Beer,2.5,22.0
Eileen Rock,2.5,23.0
Antonio Saqueton,2.5,13.0
Carmella Imig,4.0,9.0
David Schneider,4.0,7.0
Karen Staack,4.0,12.0
Susan Johnson,4.0,15.0
Nancy Baugous,4.0,8.0
Jerry Tanner,4.0,1.0
Kelly Collins,4.0,47.0
Toby Free,4.0,18.0
Michelle Ellis,4.0,23.0
William Coady,4.0,15.0
Barry Ford,4.0,8.0
Timothy Dalton,4.0,9.0
Ralph Kramper,4.0,8.0
David Sharp,4.0,23.0
Daniel Rosenquist,4.0,2.0
Mark McCorkindale,4.0,2.0
Sussy King,4.0,7.0
Robert Saniuk,4.0,8.0
Paul Meissner,4.0,5.0
Cindy Janssen,4.0,8.0
Brian Buhlke,4.0,9.0
Paul Wolfe,4.0,13.0
Christine Jeffrey,4.0,17.0
Birgit Khandalavala,4.0,9.0
Wendy Gosnell,4.0,17.0
Carla Church,4.0,37.0
Heather Morgan,4.0,18.0
Julie Hamann,4.0,4.0
Norman Grosbach,4.0,10.0
Rubab Husain,4.0,10.0
Boshra Rida,4.0,10.0
Steven Williams,4.0,10.0
Andrea VerMaas,4.0,15.0
John Titus,4.0,13.0
Douglas Pope,4.0,12.0
Steven Saathoff,4.0,12.0
Terra Papik,4.0,12.0
Todd Johnson,4.0,10.0
Svjetlana Dziko,4.0,11.0
Lewis Eirinberg,4.0,9.0
Julie Spencer,4.0,10.0
David Lux,4.0,4.0
James Simmons,4.0,4.0
Luke Lemke,4.0,4.0
Carol Stessman,4.0,4.0
Patrick McCarville,4.5,2.0
Christine Keim,4.5,11.0
Shu-Ming Wang,4.5,10.0
Reema Abou-Nasr,4.5,15.0
Megan Willet,4.5,14.0
Margarita Rodriguez-Escobar,4.5,12.0
Jessica Heckman,4.5,11.0
Elisabeth Backer,4.5,15.0
Jeffry Strohmyer,4.5,14.0
Donald Burge,4.5,9.0
Lynnette Moseman,4.5,17.0
Misty Janssen,4.5,11.0
Rebecca Steinke,4.5,7.0
Gabriel Godina,4.5,8.0
Robert Kahnk,4.5,8.0
William Lowndes,4.5,8.0
Craig Meier,4.5,9.0
Monty Sellon,4.5,10.0
Farouq Qaqish,4.5,10.0
Harold Huff,4.5,18.0
Marjorie Bisenius,4.5,21.0
Charles Stoner,4.5,11.0
James Carraher,4.5,21.0
Eric Johnson,4.5,19.0
Matthew Weiland,4.5,19.0
Jeffrey David,4.5,21.0
Janet Sellon,4.5,19.0
Richard Wurtz,4.5,18.0
Virginia Ripley,4.5,13.0
Cheryl MacDonald,4.5,2.0
Amanda Kester,4.5,23.0
David Keller,4.5,13.0
Carol Boelter,4.5,12.0
William Ostdiek,4.5,12.0
Bruce Gfeller,4.5,14.0
John Majerus,4.5,13.0
Michael Schooff,4.5,11.0
Monica Sarawagi,4.5,12.0
Jay Allison,4.5,2.0
Zachary Meyer,4.5,7.0
David Johnson,4.5,16.0
Charles Rogers,4.5,7.0
Patrick Bertolini,4.5,7.0
Peter Morin,4.5,9.0
Sean Mullendore,4.5,8.0
Tobias Shinaut,4.5,8.0
Bradley Vasa,4.5,7.0
Ryan Isherwood,4.5,15.0
Michelle Benes,4.5,20.0
James Steier,4.5,11.0
Carey Ertz,4.5,5.0
Hong Cui,4.5,5.0
Steven Weyhrich,4.5,11.0
David Thompson,4.5,6.0
Amanda Fitzgerald,4.5,7.0
Edward Mantler,4.5,14.0
Jason Patera,4.5,17.0
Priscilla Correa,4.5,6.0
Samuel Recob,4.5,5.0
Carlos Prendes,4.5,7.0
Stacy Blum,4.5,7.0
Timothy Fischer,4.5,10.0
Philip McNeely,4.5,7.0
Mobolaji Dada,4.5,7.0
John Tubbs,4.5,7.0
Christopher Connolly,4.5,23.0
Nicholas Steier,4.5,6.0
James Cervantes,4.5,12.0
Gary Van Ert,4.5,12.0
Brett Meyer,4.5,13.0
Thomas Wente,4.5,7.0
George Hutfless,4.5,8.0
Jeffrey Muilenburg,5.0,4.0
Steven Osborn,5.0,4.0
Patrick Brown,5.0,3.0
Milo Anderson,5.0,3.0
Kristee Zoloty,5.0,4.0
Michael Zaruba,5.0,4.0
Gregory Babbe,5.0,3.0
Sarah Vander Pol,5.0,4.0
Thomas Wolf,5.0,4.0
David Paulus,5.0,4.0
Troy Potthoff,5.0,4.0
Patricia Murdock-Langan,5.0,5.0
Angela Law,5.0,4.0
Carlos Prendes,5.0,5.0
Rodolfo Sanchez,5.0,5.0
Cameron Sidak,5.0,5.0
Amy Springer,5.0,5.0
Daniel Stevens,5.0,5.0
Daniel Harrahill,5.0,5.0
Michelle Cheloha,5.0,5.0
Derrick Anderson,5.0,5.0
Julie Lindstrom,5.0,4.0
Mohammad Al-Turk,5.0,4.0
Kent Allison,5.0,4.0
Kate Boos,5.0,4.0
Matthew Summers,5.0,4.0
William Dorwart,5.0,4.0
Tyler Dubs,5.0,18.0
Gary Ensz,5.0,4.0
Kurt Heimbrecht,5.0,4.0
Steven Husen,5.0,4.0
Donald Mantz,5.0,5.0
Kevin Coughlin,5.0,4.0
Brian Hass,5.0,34.0
Austin Rivett,5.0,6.0
Anantha Rojanala,5.0,1.0
Kimberly Jarzynka,5.0,3.0
Matthew Felber,5.0,3.0
Megan Faltys,5.0,3.0
Timothy Davy,5.0,3.0
Margo Anderson-Fowler,5.0,3.0
Alisa Nollendorfs,5.0,4.0
Lane Handke,5.0,4.0
Ashley Falk,5.0,4.0
April Brinkhoff,5.0,4.0
Loretta Tibbels,5.0,5.0
Kathleen Ogden,5.0,15.0
Kent Johnson,5.0,5.0
Lawrence Carlsson,5.0,5.0
Mark Butler,5.0,5.0
Shailendra Saxena,5.0,15.0
Lisa Peterson,5.0,6.0
Lloyd Pierre Jr,5.0,21.0
Robert Rhodes,5.0,19.0
Bart Bellamy,5.0,17.0
Mark Goodman,5.0,25.0
Maman Ali,5.0,10.0
Paul Vana,5.0,11.0
Joseph Dumba,5.0,2.0
Andrea Lawlor,5.0,9.0
Wade Fornander,5.0,8.0
Kelly Pierce,5.0,8.0
Mark Quinlan,5.0,17.0
Anthony Dresbach,5.0,7.0
Heather Obregon,5.0,7.0
Heather Preuss,5.0,7.0
Tammy Comstock,5.0,8.0
Matthew Winkelbauer,5.0,6.0
Jeffrey Hill,5.0,2.0
Benjamin Martin,5.0,2.0
Sandra Parks,5.0,6.0
James Ohrt,5.0,6.0
Lacia Chapman,5.0,6.0
Michael Brenner,5.0,6.0
John Bowen,5.0,6.0
Connie Novak,5.0,8.0
Timothy Sullivan,5.0,7.0
James Jordan,5.0,7.0
Douglas Inciarte,5.0,7.0
Karen Miller,5.0,8.0
Timothy Sullinger,5.0,9.0
Yongge Liu,5.0,9.0
Andrea Herman,5.0,9.0
Amber Beckenhauer,5.0,9.0
Todd Fago,5.0,3.0
Mark Andersen,5.0,10.0
Amber Tyler,5.0,1.0
Ronald Morse,5.0,2.0
Douglas Althouse,5.0,1.0
Tina Flores,5.0,1.0
Heidi Gaddey,5.0,1.0
Marcia Goering,5.0,1.0
Jeffrey Harrison,5.0,1.0
Matthew Jacobsen,5.0,2.0
Dorothea Jacobsen,5.0,1.0
Mindy Lacey,5.0,1.0
Thomas Martin,5.0,1.0
Robert Miller,5.0,1.0
Angela Riegel,5.0,1.0
Roger Rudloff,5.0,1.0
Daniel Steier,5.0,1.0
Jeffrey Kasselman,5.0,1.0
Dana Farris,5.0,3.0
